net,length_um
net108,208.78µm
net110,186.94µm
net119,177.39µm
net121,170.37µm
net117,159.78µm
net113,153.12µm
net112,149.015µm
net120,143.36µm
net111,139.38µm
net126,135.59µm
net115,134.23µm
net122,119.64µm
net109,106.44µm
net124,100.705µm
net125,97.07µm
_018_,93.9µm
net33,88.04µm
net128,86.34µm
_013_,84.77µm
net123,83.17µm
net127,78.54µm
net56,76.75µm
_014_,76.57µm
net24,75.73µm
net114,75.52µm
net118,74.14µm
net1,68.87µm
net107,68.81µm
_012_,66.02µm
_238_,59.81µm
net116,59.02µm
_008_,58.86µm
_220_,58.68µm
_009_,58.66µm
net55,55.66µm
_075_,55.285µm
_085_,55.255µm
_011_,55.21µm
net68,54.6µm
net23,53.34µm
_025_,51.8µm
net12,51.56µm
_015_,50.02µm
net105,49.86µm
_384_,48.66µm
net64,48.4µm
_096_,48.305µm
net32,47.94µm
_033_,47.78µm
net8,47.55µm
net40,47.4µm
_413_,46.36µm
net39,45.795µm
_334_,45.445µm
net60,44.12µm
_035_,43.76µm
net81,43.04µm
_345_,42.51µm
_272_,42.18µm
net58,42.08µm
net129,41.78µm
net9,41.58µm
net5,41.5µm
_010_,40.83µm
net4,40.82µm
net41,40.82µm
net44,40.7µm
net10,40.52µm
net104,40.17µm
_023_,40.16µm
_037_,39.98µm
_389_,39.8µm
_157_,39.545µm
net130,39.47µm
_064_,38.98µm
net65,38.62µm
net28,38.54µm
_000_,38.44µm
_016_,38.16µm
_379_,37.8µm
_321_,37.66µm
_073_,37.48µm
net21,37.4µm
net7,37.08µm
_125_,36.98µm
_145_,36.28µm
_034_,36.16µm
_051_,36.1µm
_216_,35.8µm
net45,35.66µm
_254_,35.32µm
_066_,35.1µm
net37,35.04µm
net78,34.14µm
net95,34.08µm
_103_,33.92µm
_215_,33.84µm
_166_,33.66µm
_402_,33.54µm
_133_,33.5µm
net102,33.27µm
_289_,33.18µm
_129_,33.06µm
_026_,32.99µm
_047_,32.975µm
net3,32.92µm
net46,32.82µm
_390_,32.64µm
_415_,32.615µm
_032_,32.4µm
net103,32.22µm
_414_,32.1µm
_358_,31.84µm
_021_,31.78µm
_022_,31.74µm
net26,31.58µm
_374_,31.54µm
net50,31.51µm
net36,31.44µm
_325_,31.375µm
net43,31.08µm
_063_,30.96µm
net14,30.82µm
_163_,30.68µm
net13,30.57µm
_241_,30.47µm
net76,30.4µm
_315_,30.34µm
_316_,30.28µm
_110_,30.12µm
net49,30.1µm
_156_,29.995µm
net106,29.945µm
_050_,29.74µm
_420_,29.56µm
net17,29.4µm
net57,29.28µm
net53,29.2µm
net38,29.16µm
_265_,29.15µm
_167_,29.08µm
net27,28.935µm
_147_,28.84µm
net59,28.54µm
_043_,28.26µm
_173_,27.735µm
_279_,27.665µm
net34,27.42µm
_372_,27.36µm
_028_,27.12µm
net6,26.98µm
_210_,26.94µm
_258_,26.9µm
_401_,26.31µm
net25,26.24µm
_323_,26.06µm
net31,26.04µm
_095_,25.86µm
net11,25.44µm
net29,25.44µm
net62,25.44µm
_303_,25.155µm
net61,24.86µm
_188_,24.71µm
_267_,24.56µm
net66,24.54µm
_062_,24.52µm
_399_,24.5µm
_084_,24.48µm
net94,24.42µm
_132_,24.38µm
_030_,24.32µm
net42,24.26µm
net35,24.18µm
net96,24.1µm
_074_,24.06µm
_134_,24.02µm
net63,23.98µm
_349_,23.88µm
_039_,23.78µm
_083_,23.78µm
A[0],23.67µm
_331_,23.46µm
_404_,23.38µm
y[26],23.38µm
y[0],23.23µm
_078_,23.12µm
_290_,23.03µm
_201_,23.02µm
_335_,22.9µm
y[2],22.89µm
A[18],22.68µm
y[24],22.52µm
y[18],22.46µm
_373_,22.365µm
_314_,22.26µm
net18,22µm
_060_,21.96µm
net80,21.96µm
_423_,21.84µm
_116_,21.74µm
B[27],21.68µm
_036_,21.52µm
net79,21.46µm
_417_,21.24µm
_424_,21.24µm
_428_,21.24µm
B[3],21.09µm
_182_,21.07µm
_427_,21.02µm
_045_,21.015µm
net77,21µm
B[12],20.85µm
A[2],20.75µm
_226_,20.4µm
B[2],20.35µm
net51,20.12µm
_425_,19.86µm
B[18],19.84µm
A[31],19.83µm
y[8],19.8µm
_294_,19.72µm
_363_,19.72µm
net2,19.62µm
_278_,19.54µm
_370_,19.44µm
net70,19.32µm
opCode[1],19.27µm
_266_,19.245µm
A[8],19.14µm
_121_,19.08µm
B[25],19µm
_309_,18.96µm
B[0],18.93µm
y[5],18.92µm
y[10],18.85µm
net30,18.8µm
y[3],18.71µm
_171_,18.7µm
_347_,18.7µm
net69,18.66µm
_087_,18.46µm
y[12],18.41µm
net54,18.38µm
_137_,18.36µm
_426_,18.36µm
_019_,18.3µm
_104_,18.275µm
_141_,18.08µm
_256_,18.08µm
_174_,18.02µm
A[13],18.01µm
net74,17.98µm
y[1],17.96µm
_333_,17.94µm
A[1],17.84µm
B[11],17.76µm
B[1],17.76µm
net22,17.68µm
_158_,17.66µm
A[21],17.53µm
_089_,17.52µm
_400_,17.515µm
_149_,17.5µm
_170_,17.5µm
_288_,17.5µm
_105_,17.48µm
B[23],17.46µm
_138_,17.44µm
B[10],17.27µm
y[16],17.27µm
_364_,17.24µm
_418_,17.22µm
B[7],17.22µm
_179_,17.2µm
B[26],17.16µm
_027_,17.14µm
net98,17.14µm
_017_,17.12µm
_041_,17.1µm
net93,16.98µm
_065_,16.96µm
y[31],16.95µm
_119_,16.74µm
A[16],16.67µm
B[31],16.67µm
y[7],16.66µm
_319_,16.62µm
y[11],16.51µm
_044_,16.48µm
_057_,16.44µm
_187_,16.42µm
statusOut,16.35µm
net48,16.32µm
_108_,16.32µm
_243_,16.3µm
A[11],16.3µm
_181_,16.28µm
net15,16.26µm
A[27],16.24µm
y[6],16.12µm
_114_,16.06µm
_380_,16.02µm
B[5],16µm
_067_,15.98µm
_195_,15.94µm
_058_,15.88µm
_301_,15.76µm
_109_,15.72µm
_359_,15.66µm
B[16],15.65µm
opCode[0],15.65µm
B[21],15.59µm
y[23],15.56µm
_240_,15.48µm
A[5],15.38µm
_394_,15.32µm
A[23],15.32µm
A[9],15.29µm
y[20],15.29µm
statusIn[0],15.15µm
_264_,15.14µm
B[6],15.08µm
A[12],14.95µm
net75,14.92µm
B[4],14.92µm
B[14],14.89µm
B[22],14.86µm
y[27],14.86µm
A[10],14.65µm
_344_,14.62µm
A[4],14.62µm
net20,14.6µm
_239_,14.58µm
A[15],14.55µm
_208_,14.455µm
A[22],14.4µm
A[25],14.4µm
A[26],14.4µm
B[20],14.39µm
A[20],14.33µm
_317_,14.3µm
opCode[2],14.29µm
B[19],14.23µm
net73,14.18µm
net19,14.14µm
net91,14.12µm
net47,14.06µm
net88,14.06µm
_392_,14.035µm
_113_,14.02µm
_165_,13.84µm
y[17],13.72µm
y[22],13.72µm
B[15],13.65µm
_131_,13.64µm
_332_,13.58µm
_055_,13.54µm
_120_,13.54µm
_269_,13.54µm
_387_,13.54µm
_234_,13.48µm
_292_,13.44µm
_186_,13.42µm
_219_,13.38µm
A[28],13.27µm
B[13],13.17µm
_391_,13.1µm
net16,13.08µm
y[13],12.97µm
y[15],12.97µm
_244_,12.96µm
_318_,12.96µm
B[24],12.87µm
B[8],12.78µm
_304_,12.76µm
_126_,12.74µm
_136_,12.7µm
_209_,12.64µm
_088_,12.58µm
_337_,12.58µm
_112_,12.56µm
A[3],12.32µm
A[6],12.32µm
B[9],12.29µm
y[29],12.19µm
_097_,12.18µm
net52,12.1µm
y[4],12.1µm
_211_,12.08µm
_422_,12.08µm
_277_,11.92µm
A[7],11.86µm
_375_,11.725µm
_001_,11.72µm
_371_,11.7µm
_046_,11.62µm
B[17],11.51µm
net89,11.48µm
_351_,11.46µm
_091_,11.27µm
_419_,11.24µm
_130_,11.2µm
_042_,11.12µm
net72,11.08µm
_101_,11.06µm
_356_,11.04µm
_217_,10.99µm
net67,10.88µm
A[14],10.87µm
y[21],10.87µm
A[30],10.83µm
_305_,10.825µm
_271_,10.82µm
_355_,10.8µm
_252_,10.69µm
_228_,10.66µm
_343_,10.62µm
A[24],10.55µm
B[28],10.55µm
_031_,10.54µm
_302_,10.52µm
_253_,10.3µm
_348_,10.24µm
_242_,10.22µm
_214_,10.2µm
_287_,9.985µm
_003_,9.94µm
y[25],9.87µm
_054_,9.86µm
_320_,9.86µm
net84,9.78µm
_048_,9.76µm
_183_,9.705µm
_324_,9.7µm
_362_,9.7µm
_122_,9.585µm
A[29],9.53µm
_161_,9.52µm
_307_,9.5µm
_225_,9.465µm
_281_,9.38µm
_049_,9.36µm
_144_,9.36µm
A[19],9.23µm
y[30],9.19µm
_350_,9.12µm
_235_,9.02µm
_255_,9.02µm
_199_,8.94µm
_406_,8.92µm
_297_,8.86µm
A[17],8.85µm
_365_,8.78µm
_270_,8.615µm
_295_,8.56µm
y[28],8.51µm
_107_,8.48µm
_180_,8.48µm
net82,8.4µm
net86,8.4µm
_004_,8.33µm
_099_,8.28µm
_342_,8.28µm
y[14],8.21µm
_040_,8.16µm
_081_,8.1µm
net99,8.1µm
_286_,7.98µm
_020_,7.95µm
_229_,7.9µm
B[29],7.83µm
_194_,7.82µm
_283_,7.82µm
_143_,7.66µm
_361_,7.64µm
_098_,7.56µm
_396_,7.54µm
y[19],7.53µm
y[9],7.53µm
_102_,7.48µm
_172_,7.44µm
_393_,7.4µm
_386_,7.24µm
B[30],7.15µm
_139_,7.14µm
_310_,7.14µm
_338_,7.08µm
_233_,7.04µm
_193_,6.955µm
_092_,6.84µm
_159_,6.825µm
_038_,6.78µm
_152_,6.72µm
_207_,6.66µm
_421_,6.64µm
_094_,6.6µm
_383_,6.6µm
_412_,6.6µm
_196_,6.52µm
_231_,6.52µm
_408_,6.52µm
net85,6.48µm
_222_,6.44µm
_090_,6.4µm
_213_,6.4µm
_378_,6.4µm
_175_,6.3µm
_312_,6.24µm
_403_,6.2µm
_275_,6.18µm
_268_,6.14µm
_336_,6.04µm
net71,6.02µm
_416_,5.86µm
_029_,5.8µm
_246_,5.8µm
net92,5.8µm
_197_,5.78µm
_230_,5.72µm
_298_,5.68µm
_339_,5.6µm
_410_,5.6µm
_164_,5.58µm
_056_,5.52µm
_006_,5.48µm
_236_,5.48µm
_296_,5.34µm
_369_,5.34µm
_376_,5.34µm
_291_,5.28µm
_263_,5.22µm
_299_,5.14µm
_162_,5.1µm
_177_,5.1µm
_005_,5.04µm
_328_,5.02µm
_353_,4.94µm
_118_,4.92µm
_148_,4.92µm
_206_,4.8µm
_249_,4.8µm
_203_,4.68µm
_128_,4.56µm
_274_,4.56µm
_284_,4.56µm
_200_,4.48µm
_257_,4.46µm
_059_,4.44µm
_237_,4.44µm
_250_,4.44µm
_189_,4.42µm
_276_,4.34µm
_273_,4.27µm
_352_,4.22µm
_313_,4.14µm
_140_,4.1µm
_190_,4.1µm
_072_,4.08µm
_218_,4.005µm
_185_,4µm
_212_,4µm
net100,3.98µm
_007_,3.88µm
_093_,3.88µm
_293_,3.88µm
net97,3.76µm
net101,3.76µm
_354_,3.68µm
_100_,3.64µm
_024_,3.59µm
_077_,3.565µm
_340_,3.56µm
_070_,3.54µm
_153_,3.54µm
_178_,3.54µm
_385_,3.52µm
_377_,3.44µm
_285_,3.42µm
_411_,3.42µm
_169_,3.4µm
_326_,3.32µm
_079_,3.3µm
_117_,3.3µm
_150_,3.3µm
_280_,3.3µm
_106_,3.22µm
_245_,3.22µm
_111_,3.18µm
_261_,3.18µm
_311_,3.18µm
_409_,3.1µm
_367_,3.08µm
_381_,3.08µm
_407_,3.08µm
_053_,3.06µm
_346_,2.98µm
_052_,2.96µm
_068_,2.96µm
_123_,2.96µm
_176_,2.96µm
_202_,2.96µm
_360_,2.96µm
_395_,2.96µm
net90,2.96µm
_330_,2.76µm
_142_,2.74µm
_076_,2.72µm
_205_,2.72µm
_262_,2.72µm
_341_,2.72µm
_368_,2.64µm
_198_,2.62µm
_382_,2.62µm
net83,2.52µm
_071_,2.5µm
_224_,2.5µm
_248_,2.5µm
net87,2.5µm
_069_,2.38µm
_146_,2.38µm
_223_,2.38µm
_002_,2.3µm
_154_,2.3µm
_247_,2.3µm
_232_,2.28µm
_080_,2.21µm
_086_,2.18µm
_322_,2.18µm
_366_,2.18µm
_124_,2.16µm
_227_,2.16µm
_260_,2.16µm
_306_,2.16µm
_151_,2.06µm
_397_,2.06µm
_398_,2.045µm
_061_,2.04µm
_221_,2.04µm
_300_,2.04µm
_308_,1.915µm
_115_,1.84µm
_204_,1.84µm
_155_,1.82µm
_135_,1.72µm
_405_,1.72µm
_168_,1.7µm
_259_,1.7µm
_327_,1.7µm
_184_,1.38µm
_388_,1.36µm
_127_,1.31µm
_160_,1.26µm
_191_,1.26µm
_282_,0.92µm
_082_,0.46µm
_192_,0.46µm
_251_,0.46µm
_329_,0.46µm
_357_,0.46µm
