Instance,Terminal,Layer,X location,Y location,Voltage
FILLER_27_165,VGND,li1,82.1100,87.0400,0.000059
FILLER_27_116,VGND,li1,59.1100,87.0400,0.000049
FILLER_27_113,VGND,li1,58.1900,87.0400,0.000048
FILLER_27_103,VGND,li1,53.1300,87.0400,0.000045
FILLER_27_85,VGND,li1,45.0800,87.0400,0.000038
FILLER_27_57,VGND,li1,32.4300,87.0400,0.000023
FILLER_27_55,VGND,li1,31.0500,87.0400,0.000023
FILLER_27_29,VGND,li1,19.3200,87.0400,0.000015
FILLER_27_26,VGND,li1,17.9400,87.0400,0.000015
FILLER_27_23,VGND,li1,16.7900,87.0400,0.000015
FILLER_27_20,VGND,li1,15.4100,87.0400,0.000015
FILLER_27_12,VGND,li1,11.7300,87.0400,0.000015
FILLER_27_9,VGND,li1,10.3500,87.0400,0.000015
FILLER_27_6,VGND,li1,8.9700,87.0400,0.000015
FILLER_27_3,VGND,li1,7.5900,87.0400,0.000015
FILLER_26_168,VGND,li1,83.0300,81.6000,0.000060
FILLER_26_157,VGND,li1,78.4300,81.6000,0.000059
FILLER_26_85,VGND,li1,44.8500,81.6000,0.000039
FILLER_26_75,VGND,li1,40.4800,81.6000,0.000035
FILLER_26_57,VGND,li1,32.4300,81.6000,0.000026
FILLER_26_29,VGND,li1,19.3200,81.6000,0.000019
FILLER_26_22,VGND,li1,15.8700,81.6000,0.000020
FILLER_26_19,VGND,li1,14.9500,81.6000,0.000020
FILLER_26_11,VGND,li1,11.2700,81.6000,0.000021
FILLER_25_169,VGND,li1,83.4900,81.6000,0.000060
FILLER_25_167,VGND,li1,82.5700,81.6000,0.000060
FILLER_25_145,VGND,li1,72.4500,81.6000,0.000057
FILLER_25_142,VGND,li1,71.5300,81.6000,0.000057
FILLER_25_132,VGND,li1,66.7000,81.6000,0.000054
FILLER_25_129,VGND,li1,65.5500,81.6000,0.000054
FILLER_25_113,VGND,li1,57.7300,81.6000,0.000049
FILLER_25_76,VGND,li1,40.9400,81.6000,0.000035
FILLER_25_57,VGND,li1,32.4300,81.6000,0.000026
FILLER_25_53,VGND,li1,30.5900,81.6000,0.000024
FILLER_25_30,VGND,li1,19.5500,81.6000,0.000019
FILLER_25_27,VGND,li1,18.6300,81.6000,0.000019
FILLER_25_19,VGND,li1,14.4900,81.6000,0.000021
FILLER_24_166,VGND,li1,82.3400,76.1600,0.000056
FILLER_24_126,VGND,li1,63.9400,76.1600,0.000048
FILLER_24_78,VGND,li1,41.6300,76.1600,0.000032
FILLER_24_47,VGND,li1,27.3700,76.1600,0.000018
FILLER_24_34,VGND,li1,21.3900,76.1600,0.000017
FILLER_24_14,VGND,li1,12.1900,76.1600,0.000019
FILLER_24_11,VGND,li1,11.2700,76.1600,0.000019
FILLER_23_169,VGND,li1,83.4900,76.1600,0.000057
FILLER_23_141,VGND,li1,70.6100,76.1600,0.000052
FILLER_23_123,VGND,li1,62.3300,76.1600,0.000048
FILLER_23_104,VGND,li1,53.5900,76.1600,0.000043
FILLER_23_84,VGND,li1,44.8500,76.1600,0.000036
FILLER_23_81,VGND,li1,43.4700,76.1600,0.000034
FILLER_23_72,VGND,li1,38.8700,76.1600,0.000029
FILLER_23_54,VGND,li1,30.8200,76.1600,0.000021
FILLER_23_51,VGND,li1,29.6700,76.1600,0.000021
FILLER_23_48,VGND,li1,28.2900,76.1600,0.000018
FILLER_23_35,VGND,li1,21.8500,76.1600,0.000017
FILLER_23_32,VGND,li1,20.9300,76.1600,0.000017
FILLER_23_16,VGND,li1,13.3400,76.1600,0.000019
FILLER_22_168,VGND,li1,83.0300,70.7200,0.000061
FILLER_22_144,VGND,li1,71.9900,70.7200,0.000058
FILLER_22_126,VGND,li1,63.7100,70.7200,0.000053
FILLER_22_123,VGND,li1,62.7900,70.7200,0.000053
FILLER_22_120,VGND,li1,61.4100,70.7200,0.000051
FILLER_22_117,VGND,li1,60.0300,70.7200,0.000051
FILLER_22_114,VGND,li1,58.6500,70.7200,0.000050
FILLER_22_98,VGND,li1,51.0600,70.7200,0.000044
FILLER_22_91,VGND,li1,47.8400,70.7200,0.000043
FILLER_22_83,VGND,li1,43.9300,70.7200,0.000039
FILLER_22_80,VGND,li1,43.0100,70.7200,0.000038
FILLER_22_68,VGND,li1,37.4900,70.7200,0.000033
FILLER_22_56,VGND,li1,31.9700,70.7200,0.000027
FILLER_22_39,VGND,li1,24.1500,70.7200,0.000018
FILLER_22_36,VGND,li1,22.7700,70.7200,0.000018
FILLER_22_20,VGND,li1,14.9500,70.7200,0.000021
FILLER_22_3,VGND,li1,7.1300,70.7200,0.000022
FILLER_21_162,VGND,li1,80.2700,70.7200,0.000061
FILLER_21_159,VGND,li1,79.3500,70.7200,0.000061
FILLER_21_144,VGND,li1,71.9900,70.7200,0.000058
FILLER_21_141,VGND,li1,71.0700,70.7200,0.000057
FILLER_21_129,VGND,li1,65.5500,70.7200,0.000054
FILLER_21_126,VGND,li1,64.1700,70.7200,0.000054
FILLER_21_119,VGND,li1,60.7200,70.7200,0.000051
FILLER_21_116,VGND,li1,59.5700,70.7200,0.000050
FILLER_21_113,VGND,li1,58.1900,70.7200,0.000050
FILLER_21_105,VGND,li1,54.0500,70.7200,0.000047
FILLER_21_102,VGND,li1,53.1300,70.7200,0.000047
FILLER_21_93,VGND,li1,48.9900,70.7200,0.000043
FILLER_21_81,VGND,li1,43.2400,70.7200,0.000038
FILLER_21_78,VGND,li1,42.0900,70.7200,0.000038
FILLER_21_57,VGND,li1,31.9700,70.7200,0.000027
FILLER_21_55,VGND,li1,31.0500,70.7200,0.000024
FILLER_20_164,VGND,li1,81.6500,65.2800,0.000058
FILLER_20_141,VGND,li1,70.8400,65.2800,0.000054
FILLER_20_139,VGND,li1,69.6900,65.2800,0.000053
FILLER_20_136,VGND,li1,68.7700,65.2800,0.000053
FILLER_20_113,VGND,li1,57.9600,65.2800,0.000045
FILLER_20_110,VGND,li1,56.8100,65.2800,0.000045
FILLER_20_107,VGND,li1,55.4300,65.2800,0.000043
FILLER_20_104,VGND,li1,54.0500,65.2800,0.000043
FILLER_20_88,VGND,li1,46.2300,65.2800,0.000037
FILLER_20_85,VGND,li1,45.3100,65.2800,0.000034
FILLER_20_83,VGND,li1,43.9300,65.2800,0.000034
FILLER_20_80,VGND,li1,43.0100,65.2800,0.000032
FILLER_20_77,VGND,li1,41.6300,65.2800,0.000032
FILLER_20_55,VGND,li1,31.5100,65.2800,0.000021
FILLER_20_52,VGND,li1,30.1300,65.2800,0.000021
FILLER_20_49,VGND,li1,28.7500,65.2800,0.000018
FILLER_20_41,VGND,li1,24.8400,65.2800,0.000016
FILLER_20_19,VGND,li1,14.4900,65.2800,0.000018
FILLER_20_16,VGND,li1,13.5700,65.2800,0.000018
FILLER_19_181,VGND,li1,89.0100,65.2800,0.000060
FILLER_19_137,VGND,li1,68.7700,65.2800,0.000053
FILLER_19_113,VGND,li1,57.7300,65.2800,0.000045
FILLER_19_96,VGND,li1,50.3700,65.2800,0.000040
FILLER_19_93,VGND,li1,48.9900,65.2800,0.000038
FILLER_19_78,VGND,li1,41.8600,65.2800,0.000032
FILLER_19_70,VGND,li1,37.9500,65.2800,0.000029
FILLER_19_67,VGND,li1,37.0300,65.2800,0.000027
FILLER_19_64,VGND,li1,35.6500,65.2800,0.000027
FILLER_19_43,VGND,li1,25.9900,65.2800,0.000015
FILLER_19_40,VGND,li1,24.6100,65.2800,0.000016
FILLER_19_11,VGND,li1,11.0400,65.2800,0.000018
FILLER_18_180,VGND,li1,88.7800,59.8400,0.000049
FILLER_18_157,VGND,li1,77.9700,59.8400,0.000047
FILLER_18_134,VGND,li1,67.3900,59.8400,0.000044
FILLER_18_131,VGND,li1,66.4700,59.8400,0.000043
FILLER_18_128,VGND,li1,65.0900,59.8400,0.000043
FILLER_18_118,VGND,li1,60.4900,59.8400,0.000041
FILLER_18_115,VGND,li1,59.1100,59.8400,0.000040
FILLER_18_98,VGND,li1,51.2900,59.8400,0.000036
FILLER_18_88,VGND,li1,46.4600,59.8400,0.000032
FILLER_18_85,VGND,li1,45.3100,59.8400,0.000032
FILLER_18_83,VGND,li1,43.9300,59.8400,0.000030
FILLER_18_80,VGND,li1,43.0100,59.8400,0.000030
FILLER_18_70,VGND,li1,38.1800,59.8400,0.000026
FILLER_18_67,VGND,li1,37.0300,59.8400,0.000026
FILLER_18_43,VGND,li1,25.5300,59.8400,0.000014
FILLER_18_40,VGND,li1,24.6100,59.8400,0.000014
FILLER_18_32,VGND,li1,20.4700,59.8400,0.000016
FILLER_18_29,VGND,li1,19.5500,59.8400,0.000016
FILLER_18_26,VGND,li1,17.9400,59.8400,0.000017
FILLER_17_181,VGND,li1,89.0100,59.8400,0.000049
FILLER_17_178,VGND,li1,88.0900,59.8400,0.000049
FILLER_17_138,VGND,li1,69.2300,59.8400,0.000045
FILLER_17_135,VGND,li1,68.3100,59.8400,0.000044
FILLER_17_113,VGND,li1,58.1900,59.8400,0.000040
FILLER_17_109,VGND,li1,56.3500,59.8400,0.000039
FILLER_17_100,VGND,li1,51.9800,59.8400,0.000036
FILLER_17_97,VGND,li1,50.8300,59.8400,0.000036
FILLER_17_81,VGND,li1,43.2400,59.8400,0.000030
FILLER_17_60,VGND,li1,33.8100,59.8400,0.000022
FILLER_17_57,VGND,li1,32.4300,59.8400,0.000022
FILLER_17_53,VGND,li1,30.5900,59.8400,0.000020
FILLER_17_44,VGND,li1,26.4500,59.8400,0.000016
FILLER_17_20,VGND,li1,14.9500,59.8400,0.000017
FILLER_17_17,VGND,li1,14.0300,59.8400,0.000018
FILLER_17_3,VGND,li1,7.1300,59.8400,0.000019
FILLER_16_165,VGND,li1,81.6500,54.4000,0.000074
FILLER_16_162,VGND,li1,80.7300,54.4000,0.000074
FILLER_16_137,VGND,li1,69.2300,54.4000,0.000069
FILLER_16_114,VGND,li1,58.6500,54.4000,0.000062
FILLER_16_106,VGND,li1,54.5100,54.4000,0.000059
FILLER_16_85,VGND,li1,45.3100,54.4000,0.000050
FILLER_16_83,VGND,li1,43.9300,54.4000,0.000047
FILLER_16_80,VGND,li1,43.0100,54.4000,0.000047
FILLER_16_71,VGND,li1,38.4100,54.4000,0.000041
FILLER_16_68,VGND,li1,37.4900,54.4000,0.000041
FILLER_16_53,VGND,li1,30.5900,54.4000,0.000030
FILLER_16_27,VGND,li1,18.1700,54.4000,0.000024
FILLER_15_167,VGND,li1,82.5700,54.4000,0.000075
FILLER_15_142,VGND,li1,71.0700,54.4000,0.000070
FILLER_15_131,VGND,li1,66.0100,54.4000,0.000067
FILLER_15_120,VGND,li1,61.4100,54.4000,0.000064
FILLER_15_111,VGND,li1,56.8100,54.4000,0.000060
FILLER_15_82,VGND,li1,43.9300,54.4000,0.000047
FILLER_15_57,VGND,li1,31.9700,54.4000,0.000033
FILLER_15_6,VGND,li1,8.5100,54.4000,0.000026
FILLER_15_3,VGND,li1,7.5900,54.4000,0.000026
FILLER_14_189,VGND,li1,92.6900,48.9600,0.000062
FILLER_14_131,VGND,li1,66.2400,48.9600,0.000054
FILLER_14_112,VGND,li1,57.2700,48.9600,0.000049
FILLER_14_105,VGND,li1,54.0500,48.9600,0.000047
FILLER_14_94,VGND,li1,49.4500,48.9600,0.000042
FILLER_14_91,VGND,li1,48.0700,48.9600,0.000042
FILLER_14_88,VGND,li1,46.6900,48.9600,0.000040
FILLER_14_85,VGND,li1,45.3100,48.9600,0.000038
FILLER_14_82,VGND,li1,43.7000,48.9600,0.000038
FILLER_14_71,VGND,li1,38.6400,48.9600,0.000033
FILLER_14_62,VGND,li1,34.5000,48.9600,0.000029
FILLER_14_29,VGND,li1,19.0900,48.9600,0.000020
FILLER_13_166,VGND,li1,82.3400,48.9600,0.000061
FILLER_13_130,VGND,li1,65.5500,48.9600,0.000054
FILLER_13_101,VGND,li1,52.6700,48.9600,0.000045
FILLER_13_89,VGND,li1,47.1500,48.9600,0.000040
FILLER_13_86,VGND,li1,45.7700,48.9600,0.000040
FILLER_13_39,VGND,li1,24.1500,48.9600,0.000017
FILLER_13_16,VGND,li1,13.1100,48.9600,0.000021
FILLER_13_3,VGND,li1,7.1300,48.9600,0.000021
FILLER_12_181,VGND,li1,89.0100,43.5200,0.000075
FILLER_12_161,VGND,li1,79.8100,43.5200,0.000073
FILLER_12_158,VGND,li1,78.8900,43.5200,0.000073
FILLER_12_131,VGND,li1,66.2400,43.5200,0.000066
FILLER_12_115,VGND,li1,58.6500,43.5200,0.000060
FILLER_12_82,VGND,li1,43.7000,43.5200,0.000045
FILLER_12_27,VGND,li1,18.1700,43.5200,0.000023
FILLER_11_188,VGND,li1,92.4600,43.5200,0.000075
FILLER_11_174,VGND,li1,85.7900,43.5200,0.000075
FILLER_11_158,VGND,li1,78.6600,43.5200,0.000073
FILLER_11_149,VGND,li1,74.2900,43.5200,0.000071
FILLER_11_120,VGND,li1,61.1800,43.5200,0.000062
FILLER_11_117,VGND,li1,60.0300,43.5200,0.000060
FILLER_11_111,VGND,li1,56.8100,43.5200,0.000058
FILLER_11_108,VGND,li1,55.8900,43.5200,0.000058
FILLER_11_101,VGND,li1,52.2100,43.5200,0.000053
FILLER_11_98,VGND,li1,51.2900,43.5200,0.000053
FILLER_11_95,VGND,li1,49.9100,43.5200,0.000050
FILLER_11_92,VGND,li1,48.5300,43.5200,0.000050
FILLER_11_89,VGND,li1,47.1500,43.5200,0.000048
FILLER_11_86,VGND,li1,45.7700,43.5200,0.000048
FILLER_11_83,VGND,li1,44.3900,43.5200,0.000045
FILLER_11_80,VGND,li1,43.0100,43.5200,0.000043
FILLER_11_77,VGND,li1,41.6300,43.5200,0.000043
FILLER_11_60,VGND,li1,33.3500,43.5200,0.000032
FILLER_11_57,VGND,li1,32.4300,43.5200,0.000032
FILLER_11_24,VGND,li1,16.7900,43.5200,0.000024
FILLER_11_3,VGND,li1,7.1300,43.5200,0.000026
FILLER_10_180,VGND,li1,88.7800,38.0800,0.000069
FILLER_10_168,VGND,li1,83.4900,38.0800,0.000067
FILLER_10_141,VGND,li1,70.8400,38.0800,0.000061
FILLER_10_112,VGND,li1,57.2700,38.0800,0.000050
FILLER_10_109,VGND,li1,56.3500,38.0800,0.000050
FILLER_10_106,VGND,li1,54.9700,38.0800,0.000048
FILLER_10_103,VGND,li1,53.5900,38.0800,0.000046
FILLER_10_100,VGND,li1,52.2100,38.0800,0.000046
FILLER_10_97,VGND,li1,50.8300,38.0800,0.000044
FILLER_10_94,VGND,li1,49.4500,38.0800,0.000042
FILLER_10_91,VGND,li1,48.0700,38.0800,0.000042
FILLER_10_88,VGND,li1,46.6900,38.0800,0.000040
FILLER_10_85,VGND,li1,45.3100,38.0800,0.000040
FILLER_10_83,VGND,li1,43.9300,38.0800,0.000038
FILLER_10_80,VGND,li1,43.0100,38.0800,0.000038
FILLER_10_72,VGND,li1,39.1000,38.0800,0.000034
FILLER_10_69,VGND,li1,37.9500,38.0800,0.000031
FILLER_10_66,VGND,li1,36.5700,38.0800,0.000031
FILLER_10_63,VGND,li1,35.1900,38.0800,0.000029
FILLER_10_60,VGND,li1,33.8100,38.0800,0.000027
FILLER_10_32,VGND,li1,20.4700,38.0800,0.000022
FILLER_10_29,VGND,li1,19.5500,38.0800,0.000022
FILLER_10_25,VGND,li1,17.7100,38.0800,0.000024
FILLER_10_11,VGND,li1,10.8100,38.0800,0.000026
FILLER_9_167,VGND,li1,82.5700,38.0800,0.000067
FILLER_9_164,VGND,li1,81.6500,38.0800,0.000067
FILLER_9_110,VGND,li1,56.5800,38.0800,0.000050
FILLER_9_107,VGND,li1,55.4300,38.0800,0.000048
FILLER_9_104,VGND,li1,54.0500,38.0800,0.000048
FILLER_9_97,VGND,li1,50.6000,38.0800,0.000044
FILLER_9_94,VGND,li1,49.4500,38.0800,0.000042
FILLER_9_91,VGND,li1,48.0700,38.0800,0.000042
FILLER_9_88,VGND,li1,46.6900,38.0800,0.000040
FILLER_9_68,VGND,li1,37.4900,38.0800,0.000031
FILLER_9_65,VGND,li1,36.1100,38.0800,0.000029
FILLER_9_62,VGND,li1,34.7300,38.0800,0.000029
FILLER_9_53,VGND,li1,30.5900,38.0800,0.000025
FILLER_9_11,VGND,li1,10.8100,38.0800,0.000026
FILLER_8_188,VGND,li1,92.4600,32.6400,0.000068
FILLER_8_161,VGND,li1,79.8100,32.6400,0.000067
FILLER_8_144,VGND,li1,71.9900,32.6400,0.000064
FILLER_8_141,VGND,li1,71.0700,32.6400,0.000064
FILLER_8_114,VGND,li1,58.1900,32.6400,0.000056
FILLER_8_85,VGND,li1,44.8500,32.6400,0.000043
FILLER_8_81,VGND,li1,43.4700,32.6400,0.000043
FILLER_8_71,VGND,li1,38.8700,32.6400,0.000036
FILLER_8_68,VGND,li1,37.4900,32.6400,0.000034
FILLER_8_44,VGND,li1,25.9900,32.6400,0.000019
FILLER_8_29,VGND,li1,19.3200,32.6400,0.000021
FILLER_8_3,VGND,li1,7.3600,32.6400,0.000022
FILLER_7_181,VGND,li1,89.0100,32.6400,0.000068
FILLER_7_169,VGND,li1,83.9500,32.6400,0.000067
FILLER_7_166,VGND,li1,82.3400,32.6400,0.000067
FILLER_7_147,VGND,li1,73.3700,32.6400,0.000065
FILLER_7_144,VGND,li1,72.4500,32.6400,0.000064
FILLER_7_113,VGND,li1,57.9600,32.6400,0.000056
FILLER_7_93,VGND,li1,48.7600,32.6400,0.000048
FILLER_7_90,VGND,li1,47.6100,32.6400,0.000046
FILLER_7_87,VGND,li1,46.2300,32.6400,0.000046
FILLER_7_72,VGND,li1,39.1000,32.6400,0.000036
FILLER_7_69,VGND,li1,37.9500,32.6400,0.000036
FILLER_7_46,VGND,li1,27.3700,32.6400,0.000022
FILLER_7_3,VGND,li1,7.1300,32.6400,0.000022
FILLER_6_189,VGND,li1,92.6900,27.2000,0.000081
FILLER_6_186,VGND,li1,91.7700,27.2000,0.000081
FILLER_6_151,VGND,li1,75.2100,27.2000,0.000075
FILLER_6_141,VGND,li1,71.0700,27.2000,0.000072
FILLER_6_92,VGND,li1,48.0700,27.2000,0.000052
FILLER_6_69,VGND,li1,37.9500,27.2000,0.000040
FILLER_6_32,VGND,li1,20.4700,27.2000,0.000024
FILLER_6_29,VGND,li1,19.5500,27.2000,0.000025
FILLER_6_27,VGND,li1,18.1700,27.2000,0.000025
FILLER_5_70,VGND,li1,38.1800,27.2000,0.000040
FILLER_5_50,VGND,li1,28.7500,27.2000,0.000026
FILLER_5_3,VGND,li1,7.3600,27.2000,0.000028
FILLER_4_168,VGND,li1,83.0300,21.7600,0.000074
FILLER_4_144,VGND,li1,71.9900,21.7600,0.000068
FILLER_4_141,VGND,li1,71.0700,21.7600,0.000067
FILLER_4_124,VGND,li1,63.0200,21.7600,0.000061
FILLER_4_83,VGND,li1,43.9300,21.7600,0.000045
FILLER_4_73,VGND,li1,39.7900,21.7600,0.000040
FILLER_4_65,VGND,li1,35.6500,21.7600,0.000036
FILLER_4_36,VGND,li1,22.3100,21.7600,0.000020
FILLER_4_18,VGND,li1,14.4900,21.7600,0.000022
FILLER_4_3,VGND,li1,7.1300,21.7600,0.000023
FILLER_3_188,VGND,li1,92.4600,21.7600,0.000075
FILLER_3_126,VGND,li1,63.7100,21.7600,0.000063
FILLER_3_118,VGND,li1,60.0300,21.7600,0.000060
FILLER_3_102,VGND,li1,53.1300,21.7600,0.000054
FILLER_3_93,VGND,li1,48.7600,21.7600,0.000049
FILLER_3_82,VGND,li1,43.7000,21.7600,0.000045
FILLER_3_65,VGND,li1,36.1100,21.7600,0.000036
FILLER_3_33,VGND,li1,21.3900,21.7600,0.000021
FILLER_2_157,VGND,li1,78.2000,16.3200,0.000091
FILLER_2_125,VGND,li1,63.4800,16.3200,0.000082
FILLER_2_92,VGND,li1,48.3000,16.3200,0.000065
FILLER_2_80,VGND,li1,42.5500,16.3200,0.000057
FILLER_2_51,VGND,li1,29.2100,16.3200,0.000032
FILLER_2_29,VGND,li1,19.0900,16.3200,0.000028
FILLER_2_25,VGND,li1,17.7100,16.3200,0.000028
FILLER_1_188,VGND,li1,92.4600,16.3200,0.000093
FILLER_1_174,VGND,li1,85.7900,16.3200,0.000092
FILLER_1_130,VGND,li1,65.5500,16.3200,0.000083
FILLER_1_113,VGND,li1,57.7300,16.3200,0.000076
FILLER_1_102,VGND,li1,52.9000,16.3200,0.000071
FILLER_1_57,VGND,li1,32.4300,16.3200,0.000038
FILLER_1_32,VGND,li1,20.9300,16.3200,0.000027
FILLER_0_167,VGND,li1,82.5700,10.8800,0.000050
FILLER_0_149,VGND,li1,74.2900,10.8800,0.000048
FILLER_0_139,VGND,li1,69.6900,10.8800,0.000046
FILLER_0_120,VGND,li1,61.4100,10.8800,0.000042
FILLER_0_57,VGND,li1,32.2000,10.8800,0.000019
fanout130,VGND,li1,73.1400,54.4000,0.000071
fanout129,VGND,li1,80.0400,48.9600,0.000061
load_slew128,VGND,li1,58.4200,43.5200,0.000060
fanout127,VGND,li1,55.2000,48.9600,0.000047
fanout126,VGND,li1,51.9800,48.9600,0.000045
fanout125,VGND,li1,90.6200,48.9600,0.000062
fanout124,VGND,li1,77.7400,32.6400,0.000066
fanout123,VGND,li1,48.7600,59.8400,0.000034
fanout122,VGND,li1,52.9000,32.6400,0.000052
fanout121,VGND,li1,79.1200,38.0800,0.000066
fanout120,VGND,li1,21.6200,48.9600,0.000018
fanout119,VGND,li1,63.9400,43.5200,0.000064
fanout118,VGND,li1,76.8200,54.4000,0.000073
fanout117,VGND,li1,77.2800,38.0800,0.000065
fanout116,VGND,li1,50.6000,81.6000,0.000044
fanout115,VGND,li1,40.4800,54.4000,0.000044
max_cap114,VGND,li1,70.3800,59.8400,0.000045
fanout113,VGND,li1,76.3600,43.5200,0.000072
fanout112,VGND,li1,80.9600,38.0800,0.000067
fanout111,VGND,li1,34.9600,32.6400,0.000030
fanout110,VGND,li1,63.4800,48.9600,0.000053
fanout109,VGND,li1,41.4000,54.4000,0.000044
fanout108,VGND,li1,72.2200,43.5200,0.000070
max_cap107,VGND,li1,70.3800,16.3200,0.000087
max_cap106,VGND,li1,56.1200,32.6400,0.000055
max_cap105,VGND,li1,14.2600,10.8800,0.000014
max_cap104,VGND,li1,11.9600,38.0800,0.000026
max_cap103,VGND,li1,17.4800,48.9600,0.000020
max_cap102,VGND,li1,19.7800,54.4000,0.000024
output101,VGND,li1,8.7400,16.3200,0.000031
output100,VGND,li1,33.5800,21.7600,0.000033
output99,VGND,li1,44.6200,16.3200,0.000060
output98,VGND,li1,67.6200,10.8800,0.000045
output97,VGND,li1,72.2200,16.3200,0.000088
output96,VGND,li1,55.2000,10.8800,0.000039
output95,VGND,li1,91.0800,27.2000,0.000081
output94,VGND,li1,87.4000,38.0800,0.000068
output93,VGND,li1,91.0800,54.4000,0.000077
output92,VGND,li1,87.4000,21.7600,0.000075
output91,VGND,li1,87.4000,65.2800,0.000060
output90,VGND,li1,91.0800,76.1600,0.000059
output89,VGND,li1,47.3800,87.0400,0.000041
output88,VGND,li1,75.9000,87.0400,0.000057
output87,VGND,li1,91.0800,87.0400,0.000061
output86,VGND,li1,75.9000,81.6000,0.000058
output85,VGND,li1,38.6400,87.0400,0.000032
output84,VGND,li1,28.9800,87.0400,0.000020
output83,VGND,li1,12.4200,81.6000,0.000021
output82,VGND,li1,12.4200,70.7200,0.000022
output81,VGND,li1,85.1000,10.8800,0.000050
output80,VGND,li1,8.7400,54.4000,0.000026
output79,VGND,li1,55.2000,87.0400,0.000047
output78,VGND,li1,51.0600,87.0400,0.000043
output77,VGND,li1,80.9600,43.5200,0.000074
output76,VGND,li1,8.7400,43.5200,0.000026
output75,VGND,li1,8.7400,59.8400,0.000019
output74,VGND,li1,8.7400,38.0800,0.000027
output73,VGND,li1,8.7400,27.2000,0.000028
output72,VGND,li1,18.4000,38.0800,0.000024
output71,VGND,li1,12.4200,27.2000,0.000028
output70,VGND,li1,79.5800,27.2000,0.000077
output69,VGND,li1,81.8800,43.5200,0.000074
input68,VGND,li1,86.4800,21.7600,0.000075
input67,VGND,li1,91.0800,43.5200,0.000075
input66,VGND,li1,83.7200,54.4000,0.000075
input65,VGND,li1,83.2600,48.9600,0.000061
input64,VGND,li1,8.7400,21.7600,0.000023
input63,VGND,li1,23.0000,10.8800,0.000013
input62,VGND,li1,40.9400,16.3200,0.000052
input61,VGND,li1,42.3200,10.8800,0.000029
input60,VGND,li1,72.2200,10.8800,0.000047
input59,VGND,li1,55.2000,16.3200,0.000073
input58,VGND,li1,91.0800,21.7600,0.000075
input57,VGND,li1,91.0800,32.6400,0.000068
input56,VGND,li1,91.0800,59.8400,0.000049
input55,VGND,li1,87.4000,27.2000,0.000080
input54,VGND,li1,91.0800,59.8400,0.000049
input53,VGND,li1,91.0800,65.2800,0.000060
input52,VGND,li1,47.8400,81.6000,0.000041
input51,VGND,li1,64.8600,87.0400,0.000052
input50,VGND,li1,85.1000,87.0400,0.000060
input49,VGND,li1,87.4000,76.1600,0.000058
input48,VGND,li1,38.1800,81.6000,0.000033
input47,VGND,li1,21.6200,87.0400,0.000015
input46,VGND,li1,8.7400,81.6000,0.000021
input45,VGND,li1,12.8800,70.7200,0.000022
input44,VGND,li1,75.9000,16.3200,0.000089
input43,VGND,li1,8.7400,70.7200,0.000022
input42,VGND,li1,63.0200,81.6000,0.000053
input41,VGND,li1,87.4000,54.4000,0.000076
input40,VGND,li1,91.0800,38.0800,0.000069
input39,VGND,li1,8.7400,38.0800,0.000027
input38,VGND,li1,16.1000,54.4000,0.000025
input37,VGND,li1,14.7200,48.9600,0.000021
input36,VGND,li1,20.7000,43.5200,0.000023
input35,VGND,li1,34.5000,16.3200,0.000044
input34,VGND,li1,16.1000,27.2000,0.000026
input33,VGND,li1,83.7200,16.3200,0.000092
input32,VGND,li1,12.4200,21.7600,0.000022
input31,VGND,li1,24.8400,16.3200,0.000025
input30,VGND,li1,34.5000,10.8800,0.000022
input29,VGND,li1,47.8400,10.8800,0.000033
input28,VGND,li1,67.6200,16.3200,0.000085
input27,VGND,li1,51.5200,10.8800,0.000035
input26,VGND,li1,63.9400,10.8800,0.000044
input25,VGND,li1,84.1800,32.6400,0.000068
input24,VGND,li1,87.4000,54.4000,0.000076
input23,VGND,li1,83.2600,27.2000,0.000079
input22,VGND,li1,91.0800,65.2800,0.000060
input21,VGND,li1,91.0800,70.7200,0.000062
input20,VGND,li1,42.3200,87.0400,0.000036
input19,VGND,li1,61.1800,87.0400,0.000050
input18,VGND,li1,79.5800,87.0400,0.000058
input17,VGND,li1,91.0800,76.1600,0.000059
input16,VGND,li1,34.9600,87.0400,0.000028
input15,VGND,li1,25.3000,87.0400,0.000015
input14,VGND,li1,8.7400,81.6000,0.000021
input13,VGND,li1,8.7400,76.1600,0.000020
input12,VGND,li1,80.5000,10.8800,0.000049
input11,VGND,li1,8.7400,65.2800,0.000019
input10,VGND,li1,72.2200,87.0400,0.000056
input9,VGND,li1,91.0800,54.4000,0.000077
input8,VGND,li1,91.0800,38.0800,0.000069
input7,VGND,li1,16.1000,43.5200,0.000024
input6,VGND,li1,12.4200,54.4000,0.000026
input5,VGND,li1,12.4200,59.8400,0.000018
input4,VGND,li1,12.4200,43.5200,0.000025
input3,VGND,li1,29.4400,16.3200,0.000032
input2,VGND,li1,15.1800,32.6400,0.000022
input1,VGND,li1,77.2800,21.7600,0.000071
TAP_TAPCELL_ROW_27_145,VGND,li1,83.0300,86.7480,0.000059
TAP_TAPCELL_ROW_27_144,VGND,li1,70.1500,86.7480,0.000055
TAP_TAPCELL_ROW_27_143,VGND,li1,57.2700,86.7480,0.000048
TAP_TAPCELL_ROW_27_142,VGND,li1,44.3900,86.7480,0.000038
TAP_TAPCELL_ROW_27_141,VGND,li1,31.5100,86.7480,0.000023
TAP_TAPCELL_ROW_27_140,VGND,li1,18.6300,86.7480,0.000015
TAP_TAPCELL_ROW_26_139,VGND,li1,70.1500,81.8910,0.000057
TAP_TAPCELL_ROW_26_138,VGND,li1,44.3900,81.8910,0.000039
TAP_TAPCELL_ROW_26_137,VGND,li1,18.6300,81.8910,0.000019
TAP_TAPCELL_ROW_25_136,VGND,li1,83.0300,81.3080,0.000060
TAP_TAPCELL_ROW_25_135,VGND,li1,57.2700,81.3080,0.000049
TAP_TAPCELL_ROW_25_134,VGND,li1,31.5100,81.3080,0.000024
TAP_TAPCELL_ROW_24_133,VGND,li1,70.1500,76.4510,0.000052
TAP_TAPCELL_ROW_24_132,VGND,li1,44.3900,76.4510,0.000034
TAP_TAPCELL_ROW_24_131,VGND,li1,18.6300,76.4510,0.000018
TAP_TAPCELL_ROW_23_130,VGND,li1,83.0300,75.8680,0.000056
TAP_TAPCELL_ROW_23_129,VGND,li1,57.2700,75.8680,0.000045
TAP_TAPCELL_ROW_23_128,VGND,li1,31.5100,75.8680,0.000023
TAP_TAPCELL_ROW_22_127,VGND,li1,70.1500,71.0110,0.000057
TAP_TAPCELL_ROW_22_126,VGND,li1,44.3900,71.0110,0.000039
TAP_TAPCELL_ROW_22_125,VGND,li1,18.6300,71.0110,0.000020
TAP_TAPCELL_ROW_21_124,VGND,li1,83.0300,70.4280,0.000061
TAP_TAPCELL_ROW_21_123,VGND,li1,57.2700,70.4280,0.000049
TAP_TAPCELL_ROW_21_122,VGND,li1,31.5100,70.4280,0.000027
TAP_TAPCELL_ROW_20_121,VGND,li1,70.1500,65.5710,0.000053
TAP_TAPCELL_ROW_20_120,VGND,li1,44.3900,65.5710,0.000034
TAP_TAPCELL_ROW_20_119,VGND,li1,18.6300,65.5710,0.000017
TAP_TAPCELL_ROW_19_118,VGND,li1,83.0300,64.9880,0.000058
TAP_TAPCELL_ROW_19_117,VGND,li1,57.2700,64.9880,0.000045
TAP_TAPCELL_ROW_19_116,VGND,li1,31.5100,64.9880,0.000021
TAP_TAPCELL_ROW_18_115,VGND,li1,70.1500,60.1310,0.000045
TAP_TAPCELL_ROW_18_114,VGND,li1,44.3900,60.1310,0.000030
TAP_TAPCELL_ROW_18_113,VGND,li1,18.6300,60.1310,0.000016
TAP_TAPCELL_ROW_17_112,VGND,li1,83.0300,59.5480,0.000049
TAP_TAPCELL_ROW_17_111,VGND,li1,57.2700,59.5480,0.000039
TAP_TAPCELL_ROW_17_110,VGND,li1,31.5100,59.5480,0.000020
TAP_TAPCELL_ROW_16_109,VGND,li1,70.1500,54.6910,0.000069
TAP_TAPCELL_ROW_16_108,VGND,li1,44.3900,54.6910,0.000047
TAP_TAPCELL_ROW_16_107,VGND,li1,18.6300,54.6910,0.000024
TAP_TAPCELL_ROW_15_106,VGND,li1,83.0300,54.1080,0.000075
TAP_TAPCELL_ROW_15_105,VGND,li1,57.2700,54.1080,0.000060
TAP_TAPCELL_ROW_15_104,VGND,li1,31.5100,54.1080,0.000033
TAP_TAPCELL_ROW_14_103,VGND,li1,70.1500,49.2510,0.000056
TAP_TAPCELL_ROW_14_102,VGND,li1,44.3900,49.2510,0.000038
TAP_TAPCELL_ROW_14_101,VGND,li1,18.6300,49.2510,0.000020
TAP_TAPCELL_ROW_13_100,VGND,li1,83.0300,48.6680,0.000061
TAP_TAPCELL_ROW_13_99,VGND,li1,57.2700,48.6680,0.000049
TAP_TAPCELL_ROW_13_98,VGND,li1,31.5100,48.6680,0.000026
TAP_TAPCELL_ROW_12_97,VGND,li1,70.1500,43.8110,0.000069
TAP_TAPCELL_ROW_12_96,VGND,li1,44.3900,43.8110,0.000045
TAP_TAPCELL_ROW_12_95,VGND,li1,18.6300,43.8110,0.000023
TAP_TAPCELL_ROW_11_94,VGND,li1,83.0300,43.2280,0.000074
TAP_TAPCELL_ROW_11_93,VGND,li1,57.2700,43.2280,0.000058
TAP_TAPCELL_ROW_11_92,VGND,li1,31.5100,43.2280,0.000029
TAP_TAPCELL_ROW_10_91,VGND,li1,70.1500,38.3710,0.000061
TAP_TAPCELL_ROW_10_90,VGND,li1,44.3900,38.3710,0.000038
TAP_TAPCELL_ROW_10_89,VGND,li1,18.6300,38.3710,0.000024
TAP_TAPCELL_ROW_9_88,VGND,li1,83.0300,37.7880,0.000067
TAP_TAPCELL_ROW_9_87,VGND,li1,57.2700,37.7880,0.000050
TAP_TAPCELL_ROW_9_86,VGND,li1,31.5100,37.7880,0.000025
TAP_TAPCELL_ROW_8_85,VGND,li1,70.1500,32.9310,0.000063
TAP_TAPCELL_ROW_8_84,VGND,li1,44.3900,32.9310,0.000043
TAP_TAPCELL_ROW_8_83,VGND,li1,18.6300,32.9310,0.000021
TAP_TAPCELL_ROW_7_82,VGND,li1,83.0300,32.3480,0.000067
TAP_TAPCELL_ROW_7_81,VGND,li1,57.2700,32.3480,0.000055
TAP_TAPCELL_ROW_7_80,VGND,li1,31.5100,32.3480,0.000028
TAP_TAPCELL_ROW_6_79,VGND,li1,70.1500,27.4910,0.000072
TAP_TAPCELL_ROW_6_78,VGND,li1,44.3900,27.4910,0.000048
TAP_TAPCELL_ROW_6_77,VGND,li1,18.6300,27.4910,0.000025
TAP_TAPCELL_ROW_5_76,VGND,li1,83.0300,26.9080,0.000079
TAP_TAPCELL_ROW_5_75,VGND,li1,57.2700,26.9080,0.000060
TAP_TAPCELL_ROW_5_74,VGND,li1,31.5100,26.9080,0.000029
TAP_TAPCELL_ROW_4_73,VGND,li1,70.1500,22.0510,0.000067
TAP_TAPCELL_ROW_4_72,VGND,li1,44.3900,22.0510,0.000045
TAP_TAPCELL_ROW_4_71,VGND,li1,18.6300,22.0510,0.000021
TAP_TAPCELL_ROW_3_70,VGND,li1,83.0300,21.4680,0.000074
TAP_TAPCELL_ROW_3_69,VGND,li1,57.2700,21.4680,0.000057
TAP_TAPCELL_ROW_3_68,VGND,li1,31.5100,21.4680,0.000029
TAP_TAPCELL_ROW_2_67,VGND,li1,70.1500,16.6110,0.000087
TAP_TAPCELL_ROW_2_66,VGND,li1,44.3900,16.6110,0.000060
TAP_TAPCELL_ROW_2_65,VGND,li1,18.6300,16.6110,0.000028
TAP_TAPCELL_ROW_1_64,VGND,li1,83.0300,16.0280,0.000092
TAP_TAPCELL_ROW_1_63,VGND,li1,57.2700,16.0280,0.000076
TAP_TAPCELL_ROW_1_62,VGND,li1,31.5100,16.0280,0.000038
TAP_TAPCELL_ROW_0_61,VGND,li1,83.0300,11.1710,0.000050
TAP_TAPCELL_ROW_0_60,VGND,li1,70.1500,11.1710,0.000046
TAP_TAPCELL_ROW_0_59,VGND,li1,57.2700,11.1710,0.000040
TAP_TAPCELL_ROW_0_58,VGND,li1,44.3900,11.1710,0.000030
TAP_TAPCELL_ROW_0_57,VGND,li1,31.5100,11.1710,0.000017
TAP_TAPCELL_ROW_0_56,VGND,li1,18.6300,11.1710,0.000014
PHY_EDGE_ROW_27_Left_55,VGND,li1,6.2100,87.0400,0.000015
PHY_EDGE_ROW_26_Left_54,VGND,li1,6.2100,81.6000,0.000021
PHY_EDGE_ROW_25_Left_53,VGND,li1,6.2100,81.6000,0.000021
PHY_EDGE_ROW_24_Left_52,VGND,li1,6.2100,76.1600,0.000020
PHY_EDGE_ROW_23_Left_51,VGND,li1,6.2100,76.1600,0.000020
PHY_EDGE_ROW_22_Left_50,VGND,li1,6.2100,70.7200,0.000022
PHY_EDGE_ROW_21_Left_49,VGND,li1,6.2100,70.7200,0.000022
PHY_EDGE_ROW_20_Left_48,VGND,li1,6.2100,65.2800,0.000019
PHY_EDGE_ROW_19_Left_47,VGND,li1,6.2100,65.2800,0.000019
PHY_EDGE_ROW_18_Left_46,VGND,li1,6.2100,59.8400,0.000019
PHY_EDGE_ROW_17_Left_45,VGND,li1,6.2100,59.8400,0.000019
PHY_EDGE_ROW_16_Left_44,VGND,li1,6.2100,54.4000,0.000026
PHY_EDGE_ROW_15_Left_43,VGND,li1,6.2100,54.4000,0.000026
PHY_EDGE_ROW_14_Left_42,VGND,li1,6.2100,48.9600,0.000021
PHY_EDGE_ROW_13_Left_41,VGND,li1,6.2100,48.9600,0.000021
PHY_EDGE_ROW_12_Left_40,VGND,li1,6.2100,43.5200,0.000026
PHY_EDGE_ROW_11_Left_39,VGND,li1,6.2100,43.5200,0.000026
PHY_EDGE_ROW_10_Left_38,VGND,li1,6.2100,38.0800,0.000027
PHY_EDGE_ROW_9_Left_37,VGND,li1,6.2100,38.0800,0.000027
PHY_EDGE_ROW_8_Left_36,VGND,li1,6.2100,32.6400,0.000022
PHY_EDGE_ROW_7_Left_35,VGND,li1,6.2100,32.6400,0.000022
PHY_EDGE_ROW_6_Left_34,VGND,li1,6.2100,27.2000,0.000028
PHY_EDGE_ROW_5_Left_33,VGND,li1,6.2100,27.2000,0.000028
PHY_EDGE_ROW_4_Left_32,VGND,li1,6.2100,21.7600,0.000023
PHY_EDGE_ROW_3_Left_31,VGND,li1,6.2100,21.7600,0.000023
PHY_EDGE_ROW_2_Left_30,VGND,li1,6.2100,16.3200,0.000031
PHY_EDGE_ROW_1_Left_29,VGND,li1,6.2100,16.3200,0.000031
PHY_EDGE_ROW_0_Left_28,VGND,li1,6.2100,10.8800,0.000014
PHY_EDGE_ROW_27_Right_27,VGND,li1,93.6100,87.0400,0.000061
PHY_EDGE_ROW_26_Right_26,VGND,li1,93.6100,81.6000,0.000061
PHY_EDGE_ROW_25_Right_25,VGND,li1,93.6100,81.6000,0.000061
PHY_EDGE_ROW_24_Right_24,VGND,li1,93.6100,76.1600,0.000059
PHY_EDGE_ROW_23_Right_23,VGND,li1,93.6100,76.1600,0.000059
PHY_EDGE_ROW_22_Right_22,VGND,li1,93.6100,70.7200,0.000062
PHY_EDGE_ROW_21_Right_21,VGND,li1,93.6100,70.7200,0.000062
PHY_EDGE_ROW_20_Right_20,VGND,li1,93.6100,65.2800,0.000060
PHY_EDGE_ROW_19_Right_19,VGND,li1,93.6100,65.2800,0.000060
PHY_EDGE_ROW_18_Right_18,VGND,li1,93.6100,59.8400,0.000049
PHY_EDGE_ROW_17_Right_17,VGND,li1,93.6100,59.8400,0.000049
PHY_EDGE_ROW_16_Right_16,VGND,li1,93.6100,54.4000,0.000077
PHY_EDGE_ROW_15_Right_15,VGND,li1,93.6100,54.4000,0.000077
PHY_EDGE_ROW_14_Right_14,VGND,li1,93.6100,48.9600,0.000062
PHY_EDGE_ROW_13_Right_13,VGND,li1,93.6100,48.9600,0.000062
PHY_EDGE_ROW_12_Right_12,VGND,li1,93.6100,43.5200,0.000075
PHY_EDGE_ROW_11_Right_11,VGND,li1,93.6100,43.5200,0.000075
PHY_EDGE_ROW_10_Right_10,VGND,li1,93.6100,38.0800,0.000069
PHY_EDGE_ROW_9_Right_9,VGND,li1,93.6100,38.0800,0.000069
PHY_EDGE_ROW_8_Right_8,VGND,li1,93.6100,32.6400,0.000068
PHY_EDGE_ROW_7_Right_7,VGND,li1,93.6100,32.6400,0.000068
PHY_EDGE_ROW_6_Right_6,VGND,li1,93.6100,27.2000,0.000081
PHY_EDGE_ROW_5_Right_5,VGND,li1,93.6100,27.2000,0.000081
PHY_EDGE_ROW_4_Right_4,VGND,li1,93.6100,21.7600,0.000075
PHY_EDGE_ROW_3_Right_3,VGND,li1,93.6100,21.7600,0.000075
PHY_EDGE_ROW_2_Right_2,VGND,li1,93.6100,16.3200,0.000093
PHY_EDGE_ROW_1_Right_1,VGND,li1,93.6100,16.3200,0.000093
PHY_EDGE_ROW_0_Right_0,VGND,li1,93.6100,10.8800,0.000051
_890_,VGND,li1,68.3100,48.9600,0.000055
_889_,VGND,li1,79.8100,59.8400,0.000048
_888_,VGND,li1,85.5600,43.5200,0.000075
_887_,VGND,li1,87.6300,48.9600,0.000062
_886_,VGND,li1,65.5500,43.5200,0.000066
_885_,VGND,li1,86.2500,38.0800,0.000068
_884_,VGND,li1,76.5900,27.2000,0.000075
_883_,VGND,li1,89.0100,43.5200,0.000075
_882_,VGND,li1,86.9400,48.9600,0.000062
_881_,VGND,li1,91.7700,48.9600,0.000062
_880_,VGND,li1,79.8100,48.9600,0.000061
_879_,VGND,li1,85.3300,59.8400,0.000049
_878_,VGND,li1,91.3100,70.7200,0.000062
_877_,VGND,li1,83.9500,65.2800,0.000059
_876_,VGND,li1,83.9500,48.9600,0.000061
_875_,VGND,li1,84.4100,21.7600,0.000074
_874_,VGND,li1,81.1900,32.6400,0.000067
_873_,VGND,li1,84.4100,27.2000,0.000079
_872_,VGND,li1,74.2900,54.4000,0.000071
_871_,VGND,li1,76.5900,48.9600,0.000059
_870_,VGND,li1,80.5000,54.4000,0.000074
_869_,VGND,li1,75.2100,59.8400,0.000047
_868_,VGND,li1,71.5300,54.4000,0.000070
_867_,VGND,li1,77.9700,54.4000,0.000073
_866_,VGND,li1,80.9600,59.8400,0.000048
_865_,VGND,li1,86.4800,59.8400,0.000049
_864_,VGND,li1,83.0300,59.8400,0.000049
_863_,VGND,li1,70.8400,65.2800,0.000054
_862_,VGND,li1,78.2000,65.2800,0.000057
_861_,VGND,li1,84.4100,43.5200,0.000074
_860_,VGND,li1,72.4500,59.8400,0.000046
_859_,VGND,li1,67.3900,54.4000,0.000067
_858_,VGND,li1,84.4100,38.0800,0.000067
_857_,VGND,li1,74.5200,65.2800,0.000056
_856_,VGND,li1,72.4500,59.8400,0.000046
_855_,VGND,li1,68.7700,59.8400,0.000044
_854_,VGND,li1,75.4400,65.2800,0.000056
_853_,VGND,li1,76.1300,59.8400,0.000047
_852_,VGND,li1,85.3300,65.2800,0.000059
_851_,VGND,li1,79.1200,65.2800,0.000057
_850_,VGND,li1,72.4500,65.2800,0.000054
_849_,VGND,li1,84.4100,54.4000,0.000076
_848_,VGND,li1,81.4200,65.2800,0.000058
_847_,VGND,li1,84.4100,70.7200,0.000062
_846_,VGND,li1,87.6300,70.7200,0.000062
_845_,VGND,li1,87.6300,70.7200,0.000062
_844_,VGND,li1,73.3700,70.7200,0.000058
_843_,VGND,li1,77.5100,70.7200,0.000060
_842_,VGND,li1,76.5900,70.7200,0.000060
_841_,VGND,li1,56.3500,70.7200,0.000049
_840_,VGND,li1,54.0500,76.1600,0.000043
_839_,VGND,li1,55.4300,76.1600,0.000044
_838_,VGND,li1,55.6600,70.7200,0.000049
_837_,VGND,li1,42.5500,81.6000,0.000037
_836_,VGND,li1,51.0600,70.7200,0.000044
_835_,VGND,li1,48.3000,65.2800,0.000038
_834_,VGND,li1,51.7500,65.2800,0.000040
_833_,VGND,li1,47.6100,76.1600,0.000038
_832_,VGND,li1,49.4500,70.7200,0.000043
_831_,VGND,li1,73.3700,70.7200,0.000058
_830_,VGND,li1,81.6500,70.7200,0.000061
_829_,VGND,li1,91.7700,81.6000,0.000061
_828_,VGND,li1,84.6400,70.7200,0.000062
_827_,VGND,li1,84.8700,76.1600,0.000057
_826_,VGND,li1,48.5300,76.1600,0.000038
_825_,VGND,li1,46.9200,81.6000,0.000041
_824_,VGND,li1,51.2900,76.1600,0.000040
_823_,VGND,li1,51.7500,81.6000,0.000045
_822_,VGND,li1,55.4300,81.6000,0.000047
_821_,VGND,li1,51.5200,76.1600,0.000040
_820_,VGND,li1,57.2700,81.6000,0.000049
_819_,VGND,li1,66.7000,76.1600,0.000050
_818_,VGND,li1,59.8000,76.1600,0.000046
_817_,VGND,li1,59.5700,81.6000,0.000051
_816_,VGND,li1,59.5700,76.1600,0.000046
_815_,VGND,li1,63.9400,76.1600,0.000048
_814_,VGND,li1,44.8500,81.6000,0.000039
_813_,VGND,li1,42.5500,81.6000,0.000037
_812_,VGND,li1,45.7700,76.1600,0.000036
_811_,VGND,li1,43.0100,76.1600,0.000034
_810_,VGND,li1,67.6200,81.6000,0.000055
_809_,VGND,li1,60.7200,81.6000,0.000051
_808_,VGND,li1,72.2200,81.6000,0.000057
_807_,VGND,li1,68.3100,87.0400,0.000054
_806_,VGND,li1,63.9400,81.6000,0.000053
_805_,VGND,li1,69.0000,81.6000,0.000055
_804_,VGND,li1,80.7300,81.6000,0.000060
_803_,VGND,li1,67.1600,76.1600,0.000050
_802_,VGND,li1,77.5100,81.6000,0.000059
_801_,VGND,li1,74.2900,81.6000,0.000058
_800_,VGND,li1,54.0500,81.6000,0.000047
_799_,VGND,li1,62.3300,76.1600,0.000048
_798_,VGND,li1,56.8100,76.1600,0.000044
_797_,VGND,li1,88.3200,81.6000,0.000061
_796_,VGND,li1,80.9600,81.6000,0.000060
_795_,VGND,li1,88.7800,81.6000,0.000061
_794_,VGND,li1,85.3300,81.6000,0.000061
_793_,VGND,li1,84.1800,76.1600,0.000057
_792_,VGND,li1,79.5800,76.1600,0.000055
_791_,VGND,li1,87.6300,76.1600,0.000058
_790_,VGND,li1,84.6400,81.6000,0.000061
_789_,VGND,li1,69.2300,76.1600,0.000052
_788_,VGND,li1,88.0900,87.0400,0.000060
_787_,VGND,li1,76.1300,76.1600,0.000055
_786_,VGND,li1,75.2100,76.1600,0.000054
_785_,VGND,li1,73.8300,76.1600,0.000054
_784_,VGND,li1,72.4500,76.1600,0.000053
_783_,VGND,li1,78.4300,76.1600,0.000055
_782_,VGND,li1,81.6500,76.1600,0.000056
_781_,VGND,li1,66.9300,70.7200,0.000056
_780_,VGND,li1,68.3100,70.7200,0.000056
_779_,VGND,li1,71.0700,70.7200,0.000057
_778_,VGND,li1,46.0000,70.7200,0.000041
_777_,VGND,li1,40.9400,76.1600,0.000032
_776_,VGND,li1,37.0300,70.7200,0.000033
_775_,VGND,li1,37.4900,76.1600,0.000029
_774_,VGND,li1,53.1300,70.7200,0.000047
_773_,VGND,li1,46.0000,70.7200,0.000041
_772_,VGND,li1,40.2500,70.7200,0.000035
_771_,VGND,li1,34.7300,81.6000,0.000029
_770_,VGND,li1,35.8800,65.2800,0.000027
_769_,VGND,li1,81.6500,70.7200,0.000061
_768_,VGND,li1,71.5300,76.1600,0.000053
_767_,VGND,li1,91.7700,81.6000,0.000061
_766_,VGND,li1,34.7300,81.6000,0.000029
_765_,VGND,li1,38.4100,81.6000,0.000033
_764_,VGND,li1,35.1900,76.1600,0.000027
_763_,VGND,li1,36.1100,76.1600,0.000027
_762_,VGND,li1,34.0400,70.7200,0.000029
_761_,VGND,li1,25.5300,76.1600,0.000016
_760_,VGND,li1,33.3500,65.2800,0.000024
_759_,VGND,li1,29.4400,70.7200,0.000024
_758_,VGND,li1,34.7300,70.7200,0.000029
_757_,VGND,li1,29.6700,70.7200,0.000024
_756_,VGND,li1,24.1500,81.6000,0.000017
_755_,VGND,li1,40.2500,76.1600,0.000032
_754_,VGND,li1,32.8900,76.1600,0.000023
_753_,VGND,li1,31.9700,76.1600,0.000023
_752_,VGND,li1,29.2100,76.1600,0.000021
_751_,VGND,li1,27.8300,81.6000,0.000021
_750_,VGND,li1,22.7700,76.1600,0.000017
_749_,VGND,li1,28.7500,81.6000,0.000021
_748_,VGND,li1,25.9900,76.1600,0.000016
_747_,VGND,li1,25.9900,70.7200,0.000020
_746_,VGND,li1,23.2300,76.1600,0.000017
_745_,VGND,li1,9.2000,70.7200,0.000022
_744_,VGND,li1,26.4500,70.7200,0.000020
_743_,VGND,li1,16.7900,70.7200,0.000021
_742_,VGND,li1,20.4700,70.7200,0.000019
_741_,VGND,li1,26.6800,65.2800,0.000015
_740_,VGND,li1,22.7700,81.6000,0.000018
_739_,VGND,li1,17.2500,81.6000,0.000019
_738_,VGND,li1,21.1600,81.6000,0.000018
_737_,VGND,li1,16.3300,81.6000,0.000020
_736_,VGND,li1,15.8700,76.1600,0.000019
_735_,VGND,li1,20.0100,76.1600,0.000018
_734_,VGND,li1,15.4100,76.1600,0.000019
_733_,VGND,li1,15.8700,70.7200,0.000021
_732_,VGND,li1,19.0900,70.7200,0.000020
_731_,VGND,li1,22.3100,70.7200,0.000018
_730_,VGND,li1,16.5600,65.2800,0.000018
_729_,VGND,li1,9.8900,76.1600,0.000020
_728_,VGND,li1,13.1100,81.6000,0.000021
_727_,VGND,li1,13.5700,87.0400,0.000015
_726_,VGND,li1,15.8700,59.8400,0.000017
_725_,VGND,li1,13.5700,65.2800,0.000018
_724_,VGND,li1,20.4700,65.2800,0.000017
_723_,VGND,li1,20.9300,65.2800,0.000017
_722_,VGND,li1,22.3100,59.8400,0.000015
_721_,VGND,li1,39.7900,70.7200,0.000035
_720_,VGND,li1,43.7000,65.2800,0.000034
_719_,VGND,li1,39.7900,65.2800,0.000031
_718_,VGND,li1,27.3700,59.8400,0.000016
_717_,VGND,li1,23.2300,65.2800,0.000016
_716_,VGND,li1,39.1000,65.2800,0.000029
_715_,VGND,li1,34.7300,59.8400,0.000024
_714_,VGND,li1,9.8900,65.2800,0.000019
_713_,VGND,li1,19.0900,76.1600,0.000018
_712_,VGND,li1,32.8900,54.4000,0.000033
_711_,VGND,li1,31.0500,59.8400,0.000020
_710_,VGND,li1,30.1300,65.2800,0.000021
_709_,VGND,li1,37.4900,59.8400,0.000026
_708_,VGND,li1,40.4800,59.8400,0.000029
_707_,VGND,li1,41.6300,59.8400,0.000029
_706_,VGND,li1,62.7900,59.8400,0.000042
_705_,VGND,li1,45.5400,59.8400,0.000032
_704_,VGND,li1,54.0500,59.8400,0.000038
_703_,VGND,li1,59.5700,65.2800,0.000047
_702_,VGND,li1,33.3500,65.2800,0.000024
_701_,VGND,li1,27.8300,65.2800,0.000018
_700_,VGND,li1,28.5200,59.8400,0.000018
_699_,VGND,li1,60.0300,65.2800,0.000047
_698_,VGND,li1,63.7100,65.2800,0.000049
_697_,VGND,li1,67.3900,65.2800,0.000052
_696_,VGND,li1,54.0500,65.2800,0.000043
_695_,VGND,li1,54.0500,59.8400,0.000038
_694_,VGND,li1,57.2700,59.8400,0.000039
_693_,VGND,li1,56.3500,54.4000,0.000060
_692_,VGND,li1,60.9500,54.4000,0.000064
_691_,VGND,li1,48.7600,59.8400,0.000034
_690_,VGND,li1,45.7700,54.4000,0.000050
_689_,VGND,li1,63.7100,59.8400,0.000042
_688_,VGND,li1,46.6900,65.2800,0.000037
_687_,VGND,li1,47.1500,54.4000,0.000052
_686_,VGND,li1,63.9400,48.9600,0.000053
_685_,VGND,li1,66.9300,65.2800,0.000052
_684_,VGND,li1,65.0900,65.2800,0.000051
_683_,VGND,li1,62.3300,70.7200,0.000053
_682_,VGND,li1,62.5600,65.2800,0.000049
_681_,VGND,li1,51.7500,54.4000,0.000056
_680_,VGND,li1,60.4900,59.8400,0.000041
_679_,VGND,li1,63.9400,54.4000,0.000066
_678_,VGND,li1,51.2900,54.4000,0.000055
_677_,VGND,li1,54.9700,54.4000,0.000059
_676_,VGND,li1,59.1100,54.4000,0.000062
_675_,VGND,li1,48.5300,54.4000,0.000052
_674_,VGND,li1,53.8200,43.5200,0.000056
_673_,VGND,li1,54.5100,43.5200,0.000056
_672_,VGND,li1,65.5500,54.4000,0.000066
_671_,VGND,li1,66.4700,59.8400,0.000043
_670_,VGND,li1,60.4900,43.5200,0.000062
_669_,VGND,li1,59.5700,48.9600,0.000051
_668_,VGND,li1,57.2700,43.5200,0.000058
_667_,VGND,li1,49.9100,43.5200,0.000050
_666_,VGND,li1,49.9100,48.9600,0.000043
_665_,VGND,li1,38.8700,43.5200,0.000040
_664_,VGND,li1,35.6500,54.4000,0.000038
_663_,VGND,li1,34.0400,43.5200,0.000032
_662_,VGND,li1,45.7700,43.5200,0.000048
_661_,VGND,li1,40.0200,38.0800,0.000034
_660_,VGND,li1,43.9300,38.0800,0.000038
_659_,VGND,li1,41.1700,48.9600,0.000035
_658_,VGND,li1,41.1700,32.6400,0.000040
_657_,VGND,li1,40.9400,38.0800,0.000036
_656_,VGND,li1,35.1900,43.5200,0.000035
_655_,VGND,li1,55.6600,48.9600,0.000047
_654_,VGND,li1,58.6500,48.9600,0.000049
_653_,VGND,li1,60.9500,48.9600,0.000051
_652_,VGND,li1,36.5700,48.9600,0.000031
_651_,VGND,li1,41.1700,48.9600,0.000035
_650_,VGND,li1,35.6500,48.9600,0.000029
_649_,VGND,li1,35.1900,54.4000,0.000038
_648_,VGND,li1,29.6700,54.4000,0.000030
_647_,VGND,li1,28.9800,48.9600,0.000023
_646_,VGND,li1,27.3700,54.4000,0.000027
_645_,VGND,li1,20.4700,54.4000,0.000023
_644_,VGND,li1,15.1800,54.4000,0.000025
_643_,VGND,li1,28.2900,54.4000,0.000027
_642_,VGND,li1,25.0700,54.4000,0.000021
_641_,VGND,li1,29.6700,48.9600,0.000023
_640_,VGND,li1,38.8700,54.4000,0.000041
_639_,VGND,li1,38.8700,43.5200,0.000040
_638_,VGND,li1,43.9300,48.9600,0.000038
_637_,VGND,li1,38.1800,48.9600,0.000031
_636_,VGND,li1,24.1500,59.8400,0.000014
_635_,VGND,li1,20.4700,59.8400,0.000016
_634_,VGND,li1,16.7900,59.8400,0.000017
_633_,VGND,li1,23.6900,54.4000,0.000021
_632_,VGND,li1,25.0700,48.9600,0.000017
_631_,VGND,li1,10.8100,48.9600,0.000021
_630_,VGND,li1,10.8100,54.4000,0.000026
_629_,VGND,li1,8.5100,43.5200,0.000026
_628_,VGND,li1,26.4500,48.9600,0.000020
_627_,VGND,li1,21.1600,48.9600,0.000018
_626_,VGND,li1,33.1200,48.9600,0.000026
_625_,VGND,li1,10.3500,59.8400,0.000019
_624_,VGND,li1,16.7900,65.2800,0.000018
_623_,VGND,li1,24.1500,43.5200,0.000020
_622_,VGND,li1,17.7100,48.9600,0.000020
_621_,VGND,li1,32.4300,48.9600,0.000026
_620_,VGND,li1,20.0100,43.5200,0.000023
_619_,VGND,li1,21.8500,38.0800,0.000021
_618_,VGND,li1,22.5400,38.0800,0.000021
_617_,VGND,li1,25.9900,38.0800,0.000019
_616_,VGND,li1,26.9100,43.5200,0.000024
_615_,VGND,li1,9.8900,48.9600,0.000021
_614_,VGND,li1,14.4900,48.9600,0.000021
_613_,VGND,li1,11.9600,43.5200,0.000025
_612_,VGND,li1,31.0500,38.0800,0.000025
_611_,VGND,li1,25.0700,38.0800,0.000019
_610_,VGND,li1,28.2900,43.5200,0.000024
_609_,VGND,li1,30.1300,43.5200,0.000029
_608_,VGND,li1,29.6700,32.6400,0.000026
_607_,VGND,li1,24.1500,43.5200,0.000020
_606_,VGND,li1,33.3500,32.6400,0.000030
_605_,VGND,li1,28.2900,38.0800,0.000022
_604_,VGND,li1,41.1700,32.6400,0.000040
_603_,VGND,li1,40.7100,27.2000,0.000043
_602_,VGND,li1,30.1300,27.2000,0.000029
_601_,VGND,li1,33.3500,27.2000,0.000034
_600_,VGND,li1,41.4000,27.2000,0.000043
_599_,VGND,li1,26.2200,27.2000,0.000022
_598_,VGND,li1,14.0300,38.0800,0.000025
_597_,VGND,li1,15.4100,43.5200,0.000024
_596_,VGND,li1,25.0700,32.6400,0.000019
_595_,VGND,li1,27.8300,32.6400,0.000022
_594_,VGND,li1,31.2800,32.6400,0.000026
_593_,VGND,li1,22.7700,32.6400,0.000020
_592_,VGND,li1,22.3100,27.2000,0.000023
_591_,VGND,li1,25.5300,27.2000,0.000022
_590_,VGND,li1,21.6200,32.6400,0.000020
_589_,VGND,li1,16.7900,21.7600,0.000021
_588_,VGND,li1,19.0900,21.7600,0.000021
_587_,VGND,li1,11.7300,21.7600,0.000022
_586_,VGND,li1,10.1200,27.2000,0.000028
_585_,VGND,li1,34.7300,27.2000,0.000034
_584_,VGND,li1,32.8900,38.0800,0.000027
_583_,VGND,li1,36.1100,32.6400,0.000034
_582_,VGND,li1,10.1200,32.6400,0.000022
_581_,VGND,li1,14.7200,38.0800,0.000025
_580_,VGND,li1,15.8700,21.7600,0.000022
_579_,VGND,li1,15.4100,32.6400,0.000022
_578_,VGND,li1,16.5600,27.2000,0.000026
_577_,VGND,li1,20.4700,21.7600,0.000021
_576_,VGND,li1,11.7300,10.8800,0.000014
_575_,VGND,li1,18.4000,32.6400,0.000021
_574_,VGND,li1,21.1600,27.2000,0.000024
_573_,VGND,li1,30.5900,21.7600,0.000029
_572_,VGND,li1,27.8300,16.3200,0.000032
_571_,VGND,li1,10.3500,32.6400,0.000022
_570_,VGND,li1,13.5700,27.2000,0.000028
_569_,VGND,li1,8.5100,10.8800,0.000014
_568_,VGND,li1,14.9500,16.3200,0.000030
_567_,VGND,li1,28.2900,38.0800,0.000022
_566_,VGND,li1,13.5700,16.3200,0.000030
_565_,VGND,li1,18.4000,16.3200,0.000028
_564_,VGND,li1,16.7900,10.8800,0.000014
_563_,VGND,li1,36.1100,27.2000,0.000038
_562_,VGND,li1,21.1600,16.3200,0.000027
_561_,VGND,li1,23.6900,21.7600,0.000020
_560_,VGND,li1,9.8900,16.3200,0.000031
_559_,VGND,li1,8.5100,21.7600,0.000023
_558_,VGND,li1,33.8100,21.7600,0.000033
_557_,VGND,li1,26.9100,10.8800,0.000014
_556_,VGND,li1,24.1500,21.7600,0.000019
_555_,VGND,li1,28.2900,21.7600,0.000024
_554_,VGND,li1,27.3700,21.7600,0.000024
_553_,VGND,li1,41.6300,21.7600,0.000042
_552_,VGND,li1,44.3900,27.2000,0.000048
_551_,VGND,li1,44.1600,32.6400,0.000043
_550_,VGND,li1,46.2300,16.3200,0.000062
_549_,VGND,li1,37.4900,21.7600,0.000038
_548_,VGND,li1,30.1300,27.2000,0.000029
_547_,VGND,li1,46.2300,27.2000,0.000050
_546_,VGND,li1,42.0900,21.7600,0.000042
_545_,VGND,li1,46.2300,21.7600,0.000047
_544_,VGND,li1,54.2800,16.3200,0.000071
_543_,VGND,li1,50.8300,21.7600,0.000052
_542_,VGND,li1,27.8300,27.2000,0.000026
_541_,VGND,li1,24.6100,16.3200,0.000025
_540_,VGND,li1,20.0100,10.8800,0.000014
_539_,VGND,li1,38.4100,21.7600,0.000038
_538_,VGND,li1,38.4100,10.8800,0.000025
_537_,VGND,li1,31.0500,16.3200,0.000038
_536_,VGND,li1,39.3300,16.3200,0.000052
_535_,VGND,li1,50.8300,16.3200,0.000068
_534_,VGND,li1,58.6500,21.7600,0.000057
_533_,VGND,li1,61.1800,16.3200,0.000078
_532_,VGND,li1,36.1100,16.3200,0.000044
_531_,VGND,li1,30.1300,10.8800,0.000017
_530_,VGND,li1,55.4300,21.7600,0.000056
_529_,VGND,li1,60.0300,16.3200,0.000078
_528_,VGND,li1,59.1100,10.8800,0.000041
_527_,VGND,li1,63.7100,16.3200,0.000082
_526_,VGND,li1,57.5000,16.3200,0.000076
_525_,VGND,li1,61.8700,21.7600,0.000061
_524_,VGND,li1,48.3000,21.7600,0.000049
_523_,VGND,li1,49.9100,27.2000,0.000054
_522_,VGND,li1,60.9500,21.7600,0.000060
_521_,VGND,li1,65.0900,21.7600,0.000063
_520_,VGND,li1,49.4500,16.3200,0.000065
_519_,VGND,li1,47.1500,27.2000,0.000050
_518_,VGND,li1,45.7700,21.7600,0.000047
_517_,VGND,li1,71.9900,21.7600,0.000068
_516_,VGND,li1,68.3100,21.7600,0.000066
_515_,VGND,li1,69.0000,27.2000,0.000070
_514_,VGND,li1,68.3100,21.7600,0.000066
_513_,VGND,li1,65.3200,27.2000,0.000068
_512_,VGND,li1,49.9100,27.2000,0.000054
_511_,VGND,li1,62.7900,27.2000,0.000066
_510_,VGND,li1,65.5500,27.2000,0.000068
_509_,VGND,li1,66.9300,16.3200,0.000083
_508_,VGND,li1,81.6500,16.3200,0.000091
_507_,VGND,li1,56.8100,27.2000,0.000060
_506_,VGND,li1,56.3500,32.6400,0.000055
_505_,VGND,li1,53.5900,27.2000,0.000057
_504_,VGND,li1,53.1300,27.2000,0.000057
_503_,VGND,li1,52.2100,32.6400,0.000052
_502_,VGND,li1,49.4500,32.6400,0.000048
_501_,VGND,li1,52.2100,38.0800,0.000046
_500_,VGND,li1,46.4600,32.6400,0.000046
_499_,VGND,li1,70.1500,32.6400,0.000063
_498_,VGND,li1,65.0900,21.7600,0.000063
_497_,VGND,li1,73.3700,27.2000,0.000073
_496_,VGND,li1,62.5600,32.6400,0.000059
_495_,VGND,li1,59.5700,32.6400,0.000056
_494_,VGND,li1,63.4800,38.0800,0.000056
_493_,VGND,li1,62.3300,32.6400,0.000059
_492_,VGND,li1,66.0100,32.6400,0.000060
_491_,VGND,li1,60.4900,27.2000,0.000063
_490_,VGND,li1,55.8900,27.2000,0.000060
_489_,VGND,li1,68.3100,38.0800,0.000060
_488_,VGND,li1,73.3700,38.0800,0.000063
_487_,VGND,li1,60.9500,38.0800,0.000054
_486_,VGND,li1,74.2900,38.0800,0.000063
_485_,VGND,li1,74.0600,32.6400,0.000065
_484_,VGND,li1,75.9000,32.6400,0.000065
_483_,VGND,li1,80.9600,21.7600,0.000073
_482_,VGND,li1,75.6700,27.2000,0.000075
_481_,VGND,li1,81.1900,21.7600,0.000073
_480_,VGND,li1,80.0400,32.6400,0.000067
_479_,VGND,li1,69.6900,38.0800,0.000060
_478_,VGND,li1,68.7700,32.6400,0.000063
_477_,VGND,li1,65.5500,38.0800,0.000058
_476_,VGND,li1,91.3100,16.3200,0.000093
_475_,VGND,li1,86.7100,32.6400,0.000068
_474_,VGND,li1,59.5700,32.6400,0.000056
_473_,VGND,li1,88.0900,27.2000,0.000080
_472_,VGND,li1,80.2700,16.3200,0.000091
_471_,VGND,li1,80.0400,27.2000,0.000077
_470_,VGND,li1,59.5700,27.2000,0.000063
_469_,VGND,li1,68.3100,27.2000,0.000070
_468_,VGND,li1,58.6500,38.0800,0.000052
_467_,VGND,li1,72.4500,27.2000,0.000073
_466_,VGND,li1,89.0100,32.6400,0.000068
_465_,VGND,li1,63.2500,38.0800,0.000056
_464_,VGND,li1,84.4100,16.3200,0.000092
_463_,VGND,li1,54.5100,21.7600,0.000054
_462_,VGND,li1,76.5900,10.8800,0.000048
_461_,VGND,li1,73.8300,21.7600,0.000069
_460_,VGND,li1,76.5900,21.7600,0.000071
_459_,VGND,li1,78.8900,16.3200,0.000091
_458_,VGND,li1,66.9300,32.6400,0.000062
_457_,VGND,li1,57.7300,21.7600,0.000057
_456_,VGND,li1,74.2900,16.3200,0.000089
_455_,VGND,li1,60.9500,38.0800,0.000054
_454_,VGND,li1,90.1600,21.7600,0.000075
_453_,VGND,li1,87.6300,16.3200,0.000093
_452_,VGND,li1,51.2900,21.7600,0.000052
_451_,VGND,li1,76.1300,43.5200,0.000072
_450_,VGND,li1,72.2200,43.5200,0.000070
_449_,VGND,li1,71.9900,48.9600,0.000057
_448_,VGND,li1,72.6800,48.9600,0.000057
_447_,VGND,li1,68.7700,43.5200,0.000067
_446_,VGND,li1,68.0800,48.9600,0.000055
_445_,VGND,li1,66.4700,38.0800,0.000058
_444_,VGND,li1,69.6900,54.4000,0.000069
_443_,VGND,li1,77.9700,59.8400,0.000047
_442_,VGND,li1,68.3100,43.5200,0.000067
_441_,VGND,li1,75.9000,48.9600,0.000059
_440_,VGND,li1,62.7900,43.5200,0.000064
_439_,VGND,li1,89.0100,16.3200,0.000093
_438_,VGND,li1,89.9300,10.8800,0.000051
_437_,VGND,li1,58.6500,38.0800,0.000052
_436_,VGND,li1,88.0900,43.5200,0.000075
_435_,VGND,li1,88.0900,65.2800,0.000060
_434_,VGND,li1,42.5500,43.5200,0.000043
_433_,VGND,li1,8.0500,48.9600,0.000021
_432_,VGND,li1,45.3100,10.8800,0.000030
_431_,VGND,li1,43.4700,16.3200,0.000057
_430_,VGND,li1,64.6300,32.6400,0.000060
_429_,VGND,li1,83.9500,21.7600,0.000074
